source	time	person	location	organization	miscellaneous
factcheck	2004-04-14T00:00:00		u.s. senate|federal|republican-controlled		lying e-mail #
factcheck	2004-06-03T00:00:00		republic|furloughed rapist example|was misused	outstanding consumer charges|vote no !|bouncin Ûª kid ballerina kid|u.s. constitution	
factcheck	2007-04-27T00:00:00				palestinian|palestinians|muscatine-area|republican-aligned
factcheck	2007-05-31T00:00:00		fair tax act		tax analysts|analysis|fairtax book Ûª|english|fiscal year
factcheck	2007-05-30T00:00:00				major tax bills
factcheck	2007-05-16T00:00:00				world climate report blog
factcheck	2007-05-07T00:00:00				acs update annual report
factcheck	2007-05-04T00:00:00		latin american|koreans	workload|chinese|non-mexicans|iranians	mexican
factcheck	2007-05-01T00:00:00			internet	
factcheck	2007-08-29T00:00:00		catholicism|spirit-led|anglicans|best actor	protestant|legislature|medicare|evangelicals|medicaid|new pac	bible|catholics|catholic
factcheck	2007-08-27T00:00:00			secretariat	
factcheck	2007-08-22T00:00:00			sun belt	
factcheck	2007-08-20T00:00:00		institutional removal program|mayor	english|census bureau	
factcheck	2007-08-09T00:00:00				christian|pension protection act|marriage act
factcheck	2007-08-06T00:00:00			american enterprise|rival	islamic
factcheck	2007-09-27T00:00:00			american progress|western	struggle
factcheck	2007-09-21T00:00:00		census		uninsured
factcheck	2007-09-14T00:00:00			shiite|sectarian|qaeda|african	iraqis
factcheck	2007-09-12T00:00:00			numbers|trends	u.s. perspective highlights
factcheck	2007-09-10T00:00:00		tequila|mexican	english|latin american|hispanic|spanish|hispanics	
factcheck	2007-09-06T00:00:00		european economic area	tonight show	european|norwegian
factcheck	2007-10-17T00:00:00		cartesian	french|dutch	wmds|spinozan|internet
factcheck	2007-12-30T00:00:00				medicare|energy|tv|medicaid|lawsuit abuse
factcheck	2007-12-21T00:00:00		canadian|canada-based	world health organization life|canadians	selected nations
factcheck	2007-12-20T00:00:00				oklahoma-arkansas
factcheck	2008-01-31T00:00:00		american dream|franking|america Ûªs|african american|african americans		african
factcheck	2008-01-31T00:00:00				mccain-lieberman|heritage
factcheck	2008-01-29T00:00:00		politicians	iraqi freedom|european|american war|asian|nobel peace prize	
factcheck	2008-01-29T00:00:00		iraqis	data explorer|concerned local citizens|child left behind act|iranian|congressional|brookings institution iraq|african-american|union	army|british|african american|african americans
factcheck	2008-01-28T00:00:00			ugly|romney-related	bad|connector overview|romney-backed|internet
factcheck	2008-01-25T00:00:00		medicare|good morning america	medicaid|reagan|american health choices plan	
factcheck	2008-01-24T00:00:00			census	
factcheck	2008-01-24T00:00:00		academy award	absurd	
factcheck	2008-01-22T00:00:00		wal-mart|ever- ' present|depression	sixties|social security	borrowed time
factcheck	2008-02-29T00:00:00		day|army		
factcheck	2008-02-28T00:00:00		issues		
factcheck	2008-02-28T00:00:00				qaeda|senate-passed
factcheck	2008-02-27T00:00:00			iraqis	script|qaeda
factcheck	2008-02-25T00:00:00		u.s. navy	office	immigration|constitution|u.s. constitution
factcheck	2008-02-24T00:00:00		world economic forum	obama mailer slams	mexican
factcheck	2008-02-24T00:00:00				amendment
factcheck	2008-02-22T00:00:00		rasmussen	u.s. senate|spanish	operation wagon train|lugar-obama|coburn-obama act
factcheck	2008-02-21T00:00:00			asians	
factcheck	2008-03-31T00:00:00			chevron	oklahoma-based
factcheck	2008-03-28T00:00:00		senior lecturers|u.s. senate		law school faculty|senior lecturer
factcheck	2008-03-27T00:00:00		nixon|goldwater girl		
factcheck	2008-03-25T00:00:00			chinese	
factcheck	2008-03-21T00:00:00		u.s. constitution|constitution		court watch|commerce-type
factcheck	2008-03-21T00:00:00				limbaugh democrats
factcheck	2008-03-18T00:00:00		bill|math !		
factcheck	2008-04-30T00:00:00				fox news sunday
factcheck	2008-04-29T00:00:00			consumer price index history table	press|better off ?|consumer price index
factcheck	2008-04-29T00:00:00			census bureau|african american alone	american community survey|african american|african americans
factcheck	2008-04-25T00:00:00			convention	democratic end game
factcheck	2008-04-24T00:00:00		u.s. senate	legislature|senator obama|internet|nov. 29	sun-times
factcheck	2008-04-23T00:00:00		democratic national convention		
factcheck	2008-04-21T00:00:00			old politics|pacs|new hampshire-based	
factcheck	2008-04-21T00:00:00		false charges	pro-clinton	american health choices plan|clinton-like|attack phony
factcheck	2008-05-31T00:00:00			palestinian anti-terrorism act|palestinian|muslim	arab-israeli
factcheck	2008-05-30T00:00:00		our popular vote lead		
factcheck	2008-05-29T00:00:00		super tuesday|campaign		democratic presidential
factcheck	2008-05-29T00:00:00		christian		
factcheck	2008-05-29T00:00:00			slash school lunches|big oil|on our side|doing nothing	
factcheck	2008-05-28T00:00:00		u.s. congress		
factcheck	2008-05-26T00:00:00				olympics
factcheck	2008-05-20T00:00:00				republican-controlled
factcheck	2008-05-19T00:00:00			office	constitution
factcheck	2008-06-26T00:00:00				cuban|non-chinese|chinese
factcheck	2008-06-26T00:00:00		electric car		web-only|memorial day|drilling offshore oil|break our dependence
factcheck	2008-06-24T00:00:00				watergate|australian
factcheck	2008-06-21T00:00:00			obama-sponsored	country i love|midwestern|needy families
factcheck	2008-06-20T00:00:00				mccain-lieberman|then-democratic
factcheck	2008-06-20T00:00:00			afghan	
factcheck	2008-06-20T00:00:00			watergate	
factcheck	2008-07-31T00:00:00		basic petroleum statistics	mccain Ûªs	low road
factcheck	2008-07-30T00:00:00				lexington project
factcheck	2008-07-28T00:00:00				u.s. leadership|cuban|cuban revolution
factcheck	2008-07-28T00:00:00				senator obama|european
factcheck	2008-07-25T00:00:00				middle eastern
factcheck	2008-07-25T00:00:00		major general|senators		soldiers|afghan|potomac
factcheck	2008-07-24T00:00:00		new study documents major strides		mercer|simple question
factcheck	2008-07-22T00:00:00		jewish|u.s. electoral college		southern
factcheck	2008-07-22T00:00:00		against funding our troops|new tv	midwestern|senate democrats	
factcheck	2008-08-29T00:00:00			kenyan|african|harvard law review	american dream|british
factcheck	2008-08-29T00:00:00			pakistani|afghan	qaeda|saddleback presidential candidates forum
factcheck	2008-08-27T00:00:00			internet|death ' tax|muslim|social security	
factcheck	2008-08-27T00:00:00		iranian	holocaust|democratic national convention	
factcheck	2008-08-26T00:00:00			internet	democratic national convention|hindu|buddhist|muslim|jewish
factcheck	2008-08-25T00:00:00				born alive infants protection act
factcheck	2008-08-22T00:00:00			coushatta	tribal lobbying|aug.|christians|indian affairs|indian|choctaw indians
factcheck	2008-08-22T00:00:00		obamas	obamas Ûª	housing problem|rezkos
factcheck	2008-08-21T00:00:00		vietnamese		greek|soviet|loving god|christmas|new years|gulag archipelago|faith of my fathers|solzhenitsyn files|christmas day|christians|new year Ûªs|christian|internet
factcheck	2008-08-21T00:00:00				senator obama|internet|african
factcheck	2008-09-30T00:00:00			stem cell	christian|nobel|stem cell response|rnc
factcheck	2008-09-30T00:00:00		democratic national convention|future|clean coal	obama-biden|push	
factcheck	2008-09-29T00:00:00				republican-backed
factcheck	2008-09-27T00:00:00			u.s. imports|navy|presidential	iraqis|marine|politifact|iranian|major u.s. wars|republican national convention|d-day|kyl-lieberman
factcheck	2008-09-26T00:00:00		floridians|spanish|venezuelan|mccain-palin|cuban	english	anti-american
factcheck	2008-09-26T00:00:00		democratic primary	shaky economy	bush narrator|democratic-leaning
factcheck	2008-10-31T00:00:00			medicaid	weatherman|man cometh since|whoppers Ûù|medicare
factcheck	2008-10-30T00:00:00		mccain-palin	english|african-american|latino	tv|republican-led|african american|presidential candidates|english-language|spanish-language|hispanic|amt patch|spanish|caucasian
factcheck	2008-10-30T00:00:00		false attacks over	political courage test	
factcheck	2008-11-26T00:00:00		hathaway unqualified	protect our families	state|virginia-based
factcheck	2008-11-26T00:00:00			major contributor|samoan	american samoan|south korean
factcheck	2008-11-25T00:00:00		wire|georgians|pro-republican|bad guys		
factcheck	2008-11-24T00:00:00		capitol		mall
factcheck	2008-11-21T00:00:00				feb. 13|republican-backed|georgians
factcheck	2008-11-19T00:00:00		s. correction		gra
factcheck	2008-11-17T00:00:00		u.s. congress		constitution
factcheck	2008-11-14T00:00:00			presidential election	
factcheck	2008-11-11T00:00:00		marxist		gestapo-like
factcheck	2008-12-29T00:00:00				cow tax|epa proposes cow tax
factcheck	2008-12-28T00:00:00			c-32|airlift	judicial watch-released
factcheck	2008-12-26T00:00:00		analysis|ask factcheck|wikipedia	gestapo-like|hot topics|not bankers	uaw|internet|medicare|week
factcheck	2008-12-24T00:00:00		north american|big three		
factcheck	2008-12-18T00:00:00				harvard
factcheck	2008-12-12T00:00:00		appc|muslim	medicare	
factcheck	2008-12-11T00:00:00				japanese
factcheck	2008-12-10T00:00:00				vpc fund raiser
factcheck	2009-01-29T00:00:00		canadian		
factcheck	2009-01-28T00:00:00			minn. senate race	u.s. senate|stassen-berger|brauer
factcheck	2009-01-27T00:00:00				inaugural balls|potomac|inaugural
factcheck	2009-01-22T00:00:00		clean coal facility entrance|underground injection program|clean coal plant		
factcheck	2009-01-16T00:00:00				assembly|pansy
factcheck	2009-01-14T00:00:00			christmas|australian	obamas
factcheck	2009-01-14T00:00:00				windfall tax|ask factcheck|starkist|wikipedia|republican-led|american samoan|internet
factcheck	2009-02-27T00:00:00		cold war		
factcheck	2009-02-26T00:00:00		f-15	cold war	soviet|chinese
factcheck	2009-02-25T00:00:00		french|american cars|western|f-22|union|civil war|scottish|raptor|american-made|german|governor|germans	u.s. obama	cold war
factcheck	2009-02-24T00:00:00		army|every single day		japanese
factcheck	2009-02-20T00:00:00			medicare modernization act	medicaid|british|federal|medicare|british-style|liberal
factcheck	2009-03-31T00:00:00			operations handbook|house-passed|senate-passed	edward m. kennedy serve america act|nation
factcheck	2009-03-24T00:00:00				se|medicare|social security retirement program|democratically-controlled
factcheck	2009-03-23T00:00:00		gulfstream		
factcheck	2009-03-21T00:00:00		american recovery		
factcheck	2009-03-21T00:00:00			plane	
factcheck	2009-04-30T00:00:00			nicaraguan|iran-contra	soviet
factcheck	2009-04-30T00:00:00				u.s. senate|constitutional law iii
factcheck	2009-04-30T00:00:00				somali|catholic
factcheck	2009-04-30T00:00:00		canadian		british-style|british
factcheck	2009-04-29T00:00:00		mexican		somali|navy
factcheck	2009-05-31T00:00:00		amendment	eastern division	
factcheck	2009-05-30T00:00:00				stanley cup
factcheck	2009-05-28T00:00:00			african americans|ricci|clean water act	
factcheck	2009-05-28T00:00:00				making work pay|dems Ûª
factcheck	2009-05-27T00:00:00			god we trust|mint	
factcheck	2009-06-29T00:00:00				african americans
factcheck	2009-06-26T00:00:00		nevada charges acorn|constitution		
factcheck	2009-07-31T00:00:00			hyde	false euthanasia claims|while planned parenthood|medicaid|dems|medicare
factcheck	2009-07-29T00:00:00				state
factcheck	2009-07-29T00:00:00		medicare|advance care planning|medicaid|house-drafted		logan Ûªs run
factcheck	2009-07-28T00:00:00		hawaiian|u.s.a.		
factcheck	2009-07-28T00:00:00			super bowl	european
factcheck	2009-07-28T00:00:00			be our friend	u.s.a.|white|more citizenship quibbles|berg gets sunk|european|more Û÷ birther|omb
factcheck	2009-08-31T00:00:00		european	british	medicaid
factcheck	2009-08-28T00:00:00				healthcare|secretary|medicare-financed|false euthanasia claims|rvus|section|medicare|act|special needs|bureaucracy|medicaid-eligible
factcheck	2009-08-26T00:00:00		u.s. house|false euthanasia claims		medicare|advantage
factcheck	2009-08-26T00:00:00			medicaid	federal|afscme|healthy americans act|senate finance committee
factcheck	2009-09-29T00:00:00			media why|social security cola|truth vs. myth	
factcheck	2009-09-29T00:00:00				mccain Ûªs small-business bunk|annual survey|chairman|medicare
factcheck	2009-09-28T00:00:00				sep
factcheck	2009-10-31T00:00:00				western pa.
factcheck	2009-10-29T00:00:00				american telephone system|nation-wide
factcheck	2009-10-27T00:00:00				"health performance ?,|nobel|us sick care"
factcheck	2009-11-30T00:00:00			employment cost index	social security|consumer price index
factcheck	2009-11-25T00:00:00		frisbee|the tonight show		
factcheck	2009-11-24T00:00:00		obamacare|world		economy|obamas|recovery act
factcheck	2009-11-24T00:00:00			north american union	
factcheck	2009-12-25T00:00:00				white christmas
factcheck	2009-12-24T00:00:00				indian
factcheck	2009-12-24T00:00:00		lies	"job killer ?,"	"was obama born|canadian straw man|lies about h.r.|gulf war|press|death panel|obama-appointed|swine flu emergency ?,|medicare"
factcheck	2010-01-29T00:00:00				union address
factcheck	2010-01-28T00:00:00		government	medicare|u.s.c.	union
factcheck	2010-01-26T00:00:00			mission accomplished	
factcheck	2010-02-25T00:00:00				percent|senate-passed|house gop
factcheck	2010-02-24T00:00:00		medicare	cornhusker kickback|medicaid	senate-passed|backroom deals
factcheck	2010-03-30T00:00:00		new irs agents|fox news sunday		
factcheck	2010-03-29T00:00:00		naked politics		
factcheck	2010-03-25T00:00:00				consumer price index|medicaid|internet
factcheck	2010-03-23T00:00:00			bogus|republican-dominated	
factcheck	2010-03-23T00:00:00		tv	house-passed	medicare
factcheck	2010-04-30T00:00:00		dems		
factcheck	2010-04-29T00:00:00			facebook	soul|christian american|nation
factcheck	2010-04-28T00:00:00				daily american|minnesota-based|social security
factcheck	2010-04-27T00:00:00		webby		
factcheck	2010-04-26T00:00:00			fox news sunday|medicare	union|press
factcheck	2010-05-28T00:00:00		british		u.s. senate
factcheck	2010-05-28T00:00:00			frequently asked questions	internet
factcheck	2010-05-27T00:00:00		gulf Ûªs	gulf Ûªs ÛÏ	
factcheck	2010-05-27T00:00:00		democratic senate		
factcheck	2010-05-25T00:00:00		oxford english dictionary|fox		does immigration cost jobs ?
factcheck	2010-05-24T00:00:00			good morning america|un-american|u.s. senate	democratic senate|union|fox news
factcheck	2010-05-20T00:00:00				jobs
factcheck	2010-06-30T00:00:00		office|times		internet
factcheck	2010-06-29T00:00:00			under consideration|dutch|gulf	act|canadian|facebook
factcheck	2010-06-29T00:00:00			european	green revolution|u.s. geologic survey|u.s. geological survey|icelandic|coke
factcheck	2010-06-28T00:00:00				medicare|fox news sunday|mount filibuster against|afghan|republic
factcheck	2010-06-24T00:00:00				children Ûªs
factcheck	2010-06-24T00:00:00			un-american	oil pollution act|house republican|good morning america
factcheck	2010-06-23T00:00:00				contingencies
factcheck	2010-07-31T00:00:00			medicare	
factcheck	2010-07-29T00:00:00		obamacare	medicare advantage	
factcheck	2010-07-28T00:00:00			medicare	press transcript|u.s. taxpayer|senate tv|medicaid
factcheck	2010-07-28T00:00:00				journal|indian|new mexicans
factcheck	2010-07-26T00:00:00			fox news sunday|mid session review|medicaid|african americans	internet|foxnews.com|new yorkers
factcheck	2010-08-30T00:00:00			making work pay tax credit	
factcheck	2010-08-30T00:00:00		nov.|social security act	wrong way	
factcheck	2010-08-27T00:00:00		medicare		
factcheck	2010-08-27T00:00:00			islamic	
factcheck	2010-08-26T00:00:00			islamists|saudis	"qaida|islamic|ground zero|soviet|minutes|why there ?,|mujahedeen|ground zero mosque|british|soviets|islamism|jewish monthly|muslim world ?|gulf war|press|this week|muslim|sept.|new yorkers"
factcheck	2010-08-26T00:00:00		chitimacha	jinal|first time	
factcheck	2010-09-30T00:00:00			elections division	
factcheck	2010-09-28T00:00:00		republican-approved	gop-sponsored	
factcheck	2010-09-27T00:00:00			historical budget data|union|fox news sunday	budget options|nation
factcheck	2010-09-27T00:00:00		governor tv		medicare|current population survey|congress tv
factcheck	2010-09-24T00:00:00		analysis	tax increases|uses dubious statistics	
factcheck	2010-09-24T00:00:00				closing gdx automotive
factcheck	2010-09-23T00:00:00		best friend|medicare		comprehensive immigration reform act
factcheck	2010-10-31T00:00:00			u.s. senate	social security|medicare
factcheck	2010-10-29T00:00:00		chinese|obama-pelosi|chinese-based	congress tv	
factcheck	2010-10-28T00:00:00		wisconsin judgment day		sequel|iowans|legislature
factcheck	2010-10-28T00:00:00			medicaid|still believe|defeat hall	medicare|world war ii|far enough
factcheck	2010-10-27T00:00:00		libyans|qatari	lebanese american	palestinian|democracy|arab american|islamic
factcheck	2010-10-26T00:00:00			do not call	bearing ' false witness|tall tax tales
factcheck	2010-10-26T00:00:00		medicare|republican-leaning|fairtax|republican-controlled|analysis|democratic-leaning		their own words
factcheck	2010-10-25T00:00:00			afscme|union|fox news sunday|democrat-backed	nation
factcheck	2010-11-30T00:00:00		medicare	media matters [|obamacare	
factcheck	2010-11-23T00:00:00				thanksgiving
factcheck	2010-11-23T00:00:00				super bowl next
factcheck	2010-11-22T00:00:00		u.s. senate	start|baltic	fox news sunday
factcheck	2010-11-22T00:00:00		minutes	nam-pows	vietnamese|century|north vietnamese|social security|cambodian|american pows
factcheck	2010-11-20T00:00:00		bush-era		
factcheck	2010-12-23T00:00:00		one environmental issue|medicare|loser|evening news|college convention		census|not about economic equality|obamacare|arkansan
factcheck	2010-12-22T00:00:00				the viral spiral|fox
factcheck	2010-12-21T00:00:00		ready reserve corps|wasilla|medicare|non-christian	medicaid|muslim	islamic|consumer price index
factcheck	2010-12-15T00:00:00				tsa åÊ blog|explosives trace detection|gerber|corkscrews
factcheck	2010-12-14T00:00:00			social security	general schedule
factcheck	2010-12-14T00:00:00			senate democratic	
factcheck	2011-01-28T00:00:00				british
factcheck	2011-01-27T00:00:00		union|world factbook|medicare	cia world factbook	
factcheck	2011-01-26T00:00:00		multinational tax advantage|union	census	indirect tax survey|medicare|actuary|supercomputers
factcheck	2011-01-25T00:00:00				vietnam war|medicare
factcheck	2011-01-24T00:00:00		fox news sunday		
factcheck	2011-01-21T00:00:00		decade		british|mail|true american
factcheck	2011-01-20T00:00:00		fox news sunday	midwestern	
factcheck	2011-01-19T00:00:00			army	maj. nidal|nation|islamic|major nidal
factcheck	2011-02-28T00:00:00				nation
factcheck	2011-02-28T00:00:00		army|fox news sunday		
factcheck	2011-02-25T00:00:00				union|raw story ÛÏ exclusive
factcheck	2011-02-25T00:00:00		report card|economic freedom|economic freedom world rankings|median household income|current population survey|american thinker|consumer price index|weeks|u.s. dollars|all people below poverty	program statistics	african americans|conference board consumer confidence index å¨ increases
factcheck	2011-02-23T00:00:00			fox news sunday	press
factcheck	2011-02-23T00:00:00				medicare
factcheck	2011-02-22T00:00:00				medicare
factcheck	2011-02-18T00:00:00				union|internet
factcheck	2011-03-31T00:00:00		medicare	u.s. tfr	advocates
factcheck	2011-03-31T00:00:00		federalists		roosevelt recession|clerk
factcheck	2011-03-30T00:00:00		medicare	reagan	
factcheck	2011-03-29T00:00:00		legislative|libyan|arab|libyans|arab league	harvard-trained	
factcheck	2011-03-29T00:00:00			brazilian	bogus brazilian oil claims
factcheck	2011-03-25T00:00:00				canadian|internet|crude oil imports from|middle åÊ east|oil company|middle eastern|saudis
factcheck	2011-03-25T00:00:00		legislature|medicare|canadian-style|[		medicaid
factcheck	2011-03-24T00:00:00		mideast ÛÓ|gulf the	african|middle eastern|union|french	
factcheck	2011-04-29T00:00:00		egyptians	gulf war	
factcheck	2011-04-29T00:00:00		track|pigford cases|claims settlement act	monitor	sherrods|senator|pigford v. glickman|determination|republic|census|pigford vs. glickman
factcheck	2011-04-28T00:00:00				medicare|obamacare
factcheck	2011-04-26T00:00:00				medicare
factcheck	2011-04-25T00:00:00		increase|armageddon		
factcheck	2011-04-22T00:00:00				internet|fox news sunday|presidential divider|fox news
factcheck	2011-05-31T00:00:00		medicare|nation		
factcheck	2011-05-27T00:00:00		gasoline prices changes|rise ?		
factcheck	2011-05-26T00:00:00				ecovantage
factcheck	2011-05-24T00:00:00		women voters	air|clean air act	
factcheck	2011-05-23T00:00:00				medicare|mediscare
factcheck	2011-05-23T00:00:00			legislature	
factcheck	2011-05-23T00:00:00		midwestern		
factcheck	2011-06-30T00:00:00			press	medicare
factcheck	2011-06-28T00:00:00		american morning|democratic-controlled|employment cost index|reagan21|navy|off pork|bachmann farm family lp		farm subsidy database|earmark|sullivan
factcheck	2011-06-28T00:00:00				czars|internet
factcheck	2011-06-27T00:00:00				union
factcheck	2011-06-23T00:00:00			frenchman|french	
factcheck	2011-07-29T00:00:00			analysis|medicare	
factcheck	2011-07-28T00:00:00			john king usa	
factcheck	2011-07-27T00:00:00		post-world war ii		world war ii
factcheck	2011-07-26T00:00:00			medicare	
factcheck	2011-07-26T00:00:00				spanish|english
factcheck	2011-07-26T00:00:00				fiscal factcheck|who pays ?
factcheck	2011-07-25T00:00:00				christian|world war ii
factcheck	2011-08-31T00:00:00		internet		
factcheck	2011-08-26T00:00:00				medicaid|dodd-frank act
factcheck	2011-08-25T00:00:00		canucklehead obama bus-ted !	quebec-based	canadian-american|canadian
factcheck	2011-08-24T00:00:00				more bad news|steady hand|republican-controlled
factcheck	2011-08-23T00:00:00		american college dictionary		
factcheck	2011-08-23T00:00:00		internet|civil war|press		
factcheck	2011-08-22T00:00:00				treasury|chinese
factcheck	2011-09-28T00:00:00				pr
factcheck	2011-09-28T00:00:00		baptists|framers		fanciful Û÷ facts
factcheck	2011-09-28T00:00:00				obamas|medicare|linkdin
factcheck	2011-09-26T00:00:00		governor tv|american recovery|chilean|west virginia-based|north american drillers|shaft drillers|needy families		
factcheck	2011-09-23T00:00:00		palestinian		palestinians|christian|romneycare|caa|reagan|obamacare|israeli|top|employers
factcheck	2011-10-27T00:00:00			medicare	"seniors ?,"
factcheck	2011-10-26T00:00:00		medicaid	medicare	
factcheck	2011-10-24T00:00:00				medicare|american families
factcheck	2011-11-30T00:00:00				top|jan. 14|press|american greatness|legislature
factcheck	2011-11-23T00:00:00		vanderbilt|muslim|iranian|saudi arabian|iranian-american|f-22|navy		army|canadian|mexican|iranians|thanksgiving
factcheck	2011-11-22T00:00:00		medicaid|european		
factcheck	2011-11-21T00:00:00		republican-sponsored|medicare advantage	anti-brown|medicare	
factcheck	2011-12-23T00:00:00			players guide	pulitzer prize
factcheck	2011-12-23T00:00:00		reagan|obamacare	medicare|chinese|medicaid|europeans|arab|non-gadhafi|pro-romney|european|gingrich-pelosi climate change|speaker|republican-controlled|palestinian	
factcheck	2011-12-20T00:00:00				african
factcheck	2011-12-20T00:00:00			analysis|medicare	
factcheck	2011-12-16T00:00:00				medicare|nixon
factcheck	2011-12-16T00:00:00		keystone|european		canadian|medicare|obamacare
factcheck	2012-01-27T00:00:00		medicare		
factcheck	2012-01-27T00:00:00		spanish-language|latino|israelis|palestinian	spanish|jihadists|muslim|italian|palestinians	english|israeli|gop
factcheck	2012-01-26T00:00:00		santorum wrong	catholic	world health organization Ûªs
factcheck	2012-01-26T00:00:00		floridians	cpac	gingrinch|capitol|spanish-language|christmas|pro-romney|anti-gingrich
factcheck	2012-01-26T00:00:00		hispanic|cuban american|radio marti|spanish-language|english-language	helms-burton|radio	
factcheck	2012-01-26T00:00:00				medicare
factcheck	2012-01-25T00:00:00		apple	union	
factcheck	2012-01-25T00:00:00		mexican	afghan|union|chinese	
factcheck	2012-01-24T00:00:00			winter olympic|olympics|obamacare|american league of lobbyists|bloomberg news|republican-controlled|lobbying disclosure act|medicare|vice	house republican
factcheck	2012-02-29T00:00:00				internet
factcheck	2012-02-28T00:00:00				asian|press
factcheck	2012-02-27T00:00:00		pennsylvanian		
factcheck	2012-02-27T00:00:00		vatican|catholics|pope		church|catholic|protestant
factcheck	2012-02-24T00:00:00		medicaid|pro-life super pac		catholic|feb.|super tuesday
factcheck	2012-02-24T00:00:00				catholic|analysis|recession|pennsylvania-based
factcheck	2012-02-23T00:00:00				oregonian
factcheck	2012-03-30T00:00:00			canadian|keystone|sandhills	
factcheck	2012-03-29T00:00:00				great recession|obama-biden
factcheck	2012-03-28T00:00:00			republican-controlled	
factcheck	2012-03-28T00:00:00		republican-controlled|spin detectors		
factcheck	2012-03-27T00:00:00		interior|british	canadian encyclopedia|canadian|putin|maritime boundary agreement	cold war|russians|alaskan|soviets|european
factcheck	2012-04-30T00:00:00				marxist
factcheck	2012-04-27T00:00:00				wyoming-based|houston-based
factcheck	2012-04-26T00:00:00				politico
factcheck	2012-04-26T00:00:00		largest cities	tea party-fueled	american economic review
factcheck	2012-04-26T00:00:00		vegas		american-owned|energy policy act|chinese|tv|hook
factcheck	2012-04-26T00:00:00			boston-based	
factcheck	2012-04-23T00:00:00				legislature
factcheck	2012-05-30T00:00:00				medicaid
factcheck	2012-06-29T00:00:00		pc	winter olympics|american jobs|company|olympics|democratic legislature|french|obama tv|internet|bain-controlled	island-based|far eastern|pro-romney
factcheck	2012-06-28T00:00:00			medicaid|table|medicare|tv|census	
factcheck	2012-06-28T00:00:00				indian
factcheck	2012-06-27T00:00:00			clean air act	ameripac|german
factcheck	2012-06-27T00:00:00				full article here|executive branch
factcheck	2012-07-31T00:00:00		amendment		
factcheck	2012-07-31T00:00:00				indonesian|physician
factcheck	2012-07-30T00:00:00				medicare|obamacare
factcheck	2012-07-27T00:00:00				department
factcheck	2012-07-27T00:00:00				ar-15
factcheck	2012-07-25T00:00:00		winter olympics		board|olympic|olympics|pinocchios|bain-controlled
factcheck	2012-08-31T00:00:00			republican national convention|cia	europeans|west|western|cold war|muslim
factcheck	2012-08-31T00:00:00			catholic	islamic
factcheck	2012-08-31T00:00:00		social security|massgap|republican national convention		
factcheck	2012-08-30T00:00:00		treasury|medicare		grand bargain
factcheck	2012-08-29T00:00:00			medicare|star-ledger	
factcheck	2012-08-28T00:00:00		canadian|medicare		
factcheck	2012-09-28T00:00:00			minutes	american recovery|medicare|bush-era
factcheck	2012-09-27T00:00:00		indian		
factcheck	2012-09-27T00:00:00		harrisburg patriot-news		patriot-news
factcheck	2012-09-26T00:00:00				middle|bush-era
factcheck	2012-09-26T00:00:00				medicare part|medicare|obamacare
factcheck	2012-09-25T00:00:00			chinese	
factcheck	2012-10-31T00:00:00		hofstra|italians|medicare part|obamacare		libyan|medicaid|german|anti-muslim|karma|western|anti-islamic|germans|winter olympics
factcheck	2012-10-31T00:00:00			u.s. senate|spin detectors|bush-era	
factcheck	2012-10-29T00:00:00		governor	medicare	
factcheck	2012-10-29T00:00:00			italian|election day|italians	
factcheck	2012-10-26T00:00:00		libyan-based|islamic	mexican|degrees	american personnel|libyans|qaddafi|anti-muslim|brazilian|minutes|moroccan|libyan|turkish|ambassador|pakistani
factcheck	2012-10-26T00:00:00			missouri-based|spin detectors	
factcheck	2012-10-26T00:00:00				world war|world war ii
factcheck	2012-11-30T00:00:00		tpc.|medicare|tax act|bush-era|middle-income|fiscal year|deficit reduction		
factcheck	2012-11-30T00:00:00		rense.com		defense production act|president Ûªs americorp
factcheck	2012-11-28T00:00:00			trustees	
factcheck	2012-11-16T00:00:00				obamacare tax mandate
factcheck	2012-11-15T00:00:00		democratic-controlled|announcement|draconian		
factcheck	2012-11-14T00:00:00		libertarian		
factcheck	2012-12-27T00:00:00		iras		chinese|medicare|second amendment
factcheck	2012-12-20T00:00:00		u.s. firearm|u.s. moody		general social survey|firearm
factcheck	2012-12-17T00:00:00				pro-romney
factcheck	2012-12-13T00:00:00		budget control act	bush-era	medicare|republican-led
factcheck	2012-12-11T00:00:00		ÛÏ	Ûù|older americans	experimental consumer price index|study the consumer price index|chained consumer price index
factcheck	2012-12-11T00:00:00		medicare		
factcheck	2012-12-05T00:00:00		medicare	medicare parts|budget control act	
factcheck	2013-01-30T00:00:00			english	
factcheck	2013-01-30T00:00:00				asian|iranian|german|european
factcheck	2013-01-25T00:00:00				christmas
factcheck	2013-01-24T00:00:00		constitution|national urban league convention|crime act|aws		
factcheck	2013-01-23T00:00:00			anti-nra	
factcheck	2013-02-26T00:00:00			individuals	department|indian
factcheck	2013-02-22T00:00:00				ÛÏ world of warcraft
factcheck	2013-02-22T00:00:00			feb.|american recovery|continuing extension act	temporary extension act|bush-era
factcheck	2013-02-20T00:00:00			nics	
factcheck	2013-02-20T00:00:00			subgroups	union
factcheck	2013-03-29T00:00:00		african		
factcheck	2013-03-26T00:00:00				u.s. citizens
factcheck	2013-03-22T00:00:00			agency|navy|awol|chairman	libyan|mission|cia annex|medicaid|beyoncÌ©
factcheck	2013-03-22T00:00:00		aws		
factcheck	2013-03-22T00:00:00		medicare		
factcheck	2013-03-21T00:00:00		world war ii		post-world war ii
factcheck	2013-03-21T00:00:00				federal
factcheck	2013-03-19T00:00:00				consumer price index
factcheck	2013-04-24T00:00:00				press
factcheck	2013-04-24T00:00:00		boston marathon|osama	record|qaeda	
factcheck	2013-04-18T00:00:00			policeone.com	
factcheck	2013-04-17T00:00:00			comprehensive immigration reform act	spanish
factcheck	2013-04-17T00:00:00				internet|american sniper
factcheck	2013-05-31T00:00:00				obamacare medicaid|medicaid
factcheck	2013-05-24T00:00:00			manchin-toomey|tv	
factcheck	2013-06-28T00:00:00		medicare|army	affordable care act	fehb|affordable care
factcheck	2013-06-27T00:00:00				consumer confidence index
factcheck	2013-06-21T00:00:00		glance	education	
factcheck	2013-06-21T00:00:00				kentuckians|american taxpayer relief act
factcheck	2013-07-30T00:00:00			cr	
factcheck	2013-07-26T00:00:00		mexican		immigration
factcheck	2013-07-26T00:00:00			democratic-aligned	politicians|twitterverse
factcheck	2013-07-26T00:00:00				senate-passed
factcheck	2013-07-25T00:00:00		guardian|catholic republican|vatican gohmert|roman catholic|amendment|african|passover seder|italian	muslim	passover|jewish|israeli|snopes|catholic|department|world war|u.s. army|fox|senegalese
factcheck	2013-07-24T00:00:00			medicaid	
factcheck	2013-07-22T00:00:00		south	new york-canadian	new yorkers|ncsl
factcheck	2013-08-30T00:00:00				medicaid
factcheck	2013-08-28T00:00:00				chinese|china-based|eb-5
factcheck	2013-08-26T00:00:00				internet|obamacare
factcheck	2013-08-23T00:00:00		virginians|pittsburgh-area	pulitzer prize	metrorail|hong kong-based|thanksgiving|chinese
factcheck	2013-08-22T00:00:00		house democrats	pontiac bonneville	republican-drafted|pontiac grand prix|american politics|american taxpayer relief act|italian|consumer price index
factcheck	2013-08-16T00:00:00			nobel prize	
factcheck	2013-08-15T00:00:00			town|grand lists|gop|bell|obamacare	
factcheck	2013-09-26T00:00:00		medicaid		obamacare
factcheck	2013-09-25T00:00:00		democratic national convention	current population survey	delay obamacare
factcheck	2013-09-24T00:00:00				cnbc|loop Ûù|medicare|ÛÏ
factcheck	2013-09-19T00:00:00		west palm beach	ob-gyn	guardian
factcheck	2013-10-30T00:00:00		medicare		medicare part|marketplace|social security
factcheck	2013-10-30T00:00:00		house-senate|republican-controlled|house-passed|u.s. senate|republican-sponsored		reid-mcconnell
factcheck	2013-10-29T00:00:00				medicare
factcheck	2013-10-29T00:00:00			williamsburg	district
factcheck	2013-10-24T00:00:00			medicaid	republican-controlled|fairfax
factcheck	2013-10-23T00:00:00				ten commandments|aclu
factcheck	2013-10-21T00:00:00				sept.|medicare part|medicare|obamacare
factcheck	2013-10-18T00:00:00			pap	medicare
factcheck	2013-11-25T00:00:00			internet|medicaid|north korean	english|indians
factcheck	2013-11-22T00:00:00			silver	medicaid|marketplace|valuepenguin.com
factcheck	2013-11-20T00:00:00			marketplace	obamacare
factcheck	2013-11-19T00:00:00			medicare|bulletin	
factcheck	2013-11-14T00:00:00				web-based
factcheck	2013-11-11T00:00:00				medicare
factcheck	2013-11-07T00:00:00		foundation	affordable care|kentuckians	
factcheck	2013-12-23T00:00:00				affordable care act
factcheck	2013-12-23T00:00:00				international gun ban treaty|marxists|new american
factcheck	2013-12-19T00:00:00		qaeda-linked	obamacare	
factcheck	2013-12-18T00:00:00				aca
factcheck	2013-12-13T00:00:00				medicaid|twitter
factcheck	2013-12-11T00:00:00				senate republicans|republic|obamacare|u.s. congress votes database|house-passed
factcheck	2013-12-11T00:00:00				african-americans
factcheck	2013-12-10T00:00:00		ffm	obamacare	
factcheck	2014-01-31T00:00:00		aca-created	tv|medicaid|gop|super bowl|free enterprise	
factcheck	2014-01-29T00:00:00				medicaid|union
factcheck	2014-01-23T00:00:00			department	press
factcheck	2014-01-22T00:00:00			u.s. constitution	
factcheck	2014-01-17T00:00:00				aca
factcheck	2014-01-17T00:00:00			volcker|fed	house-senate|boston-based
factcheck	2014-02-28T00:00:00				democratic-leaning
factcheck	2014-02-28T00:00:00			deepwater horizon|ghg	
factcheck	2014-02-21T00:00:00			medicare	
factcheck	2014-02-21T00:00:00			groundhog day	
factcheck	2014-02-20T00:00:00				san francisco-based|tv|democratic-leaning
factcheck	2014-03-31T00:00:00				mulder|wendts
factcheck	2014-03-27T00:00:00		medicare|obamacare|medicare part a.|medicare parts	medicare.gov	
factcheck	2014-03-25T00:00:00				local area unemployment statistics|spanish|fed
factcheck	2014-03-24T00:00:00		koch|american crossroads		
factcheck	2014-04-30T00:00:00			english	tv
factcheck	2014-04-30T00:00:00		washington-based		
factcheck	2014-04-28T00:00:00		midwestern		census
factcheck	2014-04-25T00:00:00			pro-president obama	
factcheck	2014-04-23T00:00:00		george w. bush-era		bush-era|kentuckians|new year Ûªs day
factcheck	2014-04-23T00:00:00				tv|responsive politics|greek-american|american hellenic institute|greek americans|greek|major democratic donors
factcheck	2014-04-22T00:00:00		wral		
factcheck	2014-05-30T00:00:00			affordable care act|koch	
factcheck	2014-05-30T00:00:00		legislature		
factcheck	2014-05-30T00:00:00			michiganders	
factcheck	2014-05-29T00:00:00				chinese
factcheck	2014-05-23T00:00:00				comprehensive immigration reform act
factcheck	2014-05-22T00:00:00			chinese|energy	forbes|westerners
factcheck	2014-06-27T00:00:00				southwest|central american|mexicans|central americans
factcheck	2014-06-27T00:00:00		state address|legislature		
factcheck	2014-06-25T00:00:00			legislature	
factcheck	2014-06-25T00:00:00				dec.
factcheck	2014-06-20T00:00:00				islamist|cheneys|osama
factcheck	2014-06-19T00:00:00				floridians|medicare
factcheck	2014-07-31T00:00:00		native americans	native american	
factcheck	2014-07-31T00:00:00		legislature		medicare|french
factcheck	2014-07-25T00:00:00		western european	frankfort|english	republican-led
factcheck	2014-07-24T00:00:00		koch		deepwater horizon
factcheck	2014-07-23T00:00:00		tv		taiwanese|chinese|german|european
factcheck	2014-07-21T00:00:00				medicare
factcheck	2014-07-18T00:00:00			mexicans	central american|federal
factcheck	2014-07-17T00:00:00			midwestern	
glenngreenwald	2014-01-17T14:23:00			fisa	
glenngreenwald	2013-10-25T15:22:00		terrorists|british|armed with science|german		french|english-speaking
glenngreenwald	2013-10-14T08:23:00		british		
glenngreenwald	2013-10-04T10:50:00				tor stinks|brazilian|irish|iranian
glenngreenwald	2013-10-01T14:39:00		bush nsa		guardian
glenngreenwald	2013-09-28T06:47:00		israeli|iranian		
glenngreenwald	2013-09-27T07:14:00		brookings-type	senators|brazilian	brazilians
glenngreenwald	2013-09-25T13:17:00			guardian|european|qaeda|libyan-american	pakistani|pew|london-based|niagra falls|ghadaffi|anti-american|national film festival for talented youth|yemeni
glenngreenwald	2013-09-23T09:32:00		israeli|stop watching us|patriot act|google	indian	hill|snowden-enabled|british|indians|chinese|brazilian
glenngreenwald	2013-09-19T06:49:00			brazilian|guardian	australian
glenngreenwald	2013-09-15T08:14:00			fisa|british|guardian	
glenngreenwald	2013-09-11T10:40:00		israeli	raw sigint|sigint links	israelis|guardian|sigint
glenngreenwald	2011-07-23T13:00:00		online behavioural advertising|data protection act	guardian membership|european economic area|facebook	guardian|english
glenngreenwald	2013-09-07T09:04:00			brazilian	english|guardian|mexican
glenngreenwald	2013-09-05T00:00:00		british|prism		english
glenngreenwald	2013-09-01T07:01:00				constitution
glenngreenwald	2013-08-23T07:42:00		western	terrorism	
glenngreenwald	2013-08-21T07:28:00			british|queen	portuguese|rio
glenngreenwald	2013-08-18T00:00:00				brazilian|british|bolivian
glenngreenwald	2013-08-12T09:52:00			draft nsa	when chertoff|guardian|dutch
glenngreenwald	2013-08-09T08:19:00		bloomberg	cold war|german|conyers-amash	us-based|texas-based|saudi
glenngreenwald	2013-08-07T11:38:00			brazilian	guardian|cia-supported
glenngreenwald	2013-08-04T08:26:00			dutch	chairman|yahoo|guardian
glenngreenwald	2013-07-31T08:56:00				facebook|fisa
glenngreenwald	2013-07-29T07:33:00				congressional|patriot act
glenngreenwald	2013-07-25T05:09:00		once-and-now-again-controversial patriot act|surveillance state repeal act|surveillance|islamic	orwellian|democratic house	terrorists !
glenngreenwald	2013-07-20T06:23:00			italians	italian|panamanian
glenngreenwald	2013-07-15T06:40:00				iraqis
glenngreenwald	2013-07-14T10:34:00		aljazeera	all-american|when al jazeera|al jazeera america|anti-american|hill|american tv|mayor	guardian|english
glenngreenwald	2013-07-13T15:53:00				english|nixon
glenngreenwald	2013-07-10T08:47:00		western		brazilians|chinese
glenngreenwald	2013-07-10T07:24:00				guardian|internet
glenngreenwald	2013-07-08T14:22:00		guardian us		flash|espionage act
glenngreenwald	2013-07-08T14:03:00		brazilian		
glenngreenwald	2013-07-06T19:32:00		brazilians|guardianus	prism	brazilian|germans|english
glenngreenwald	2013-07-03T09:34:00		guardian	bolivian|iran-contra	german|european|french
glenngreenwald	2013-06-29T12:59:00				the criminal nsa
glenngreenwald	2013-06-27T11:20:00		supplemental procedures	fisa	
glenngreenwald	2011-07-23T13:00:00				facebook|guardian|european economic area|data protection act|english|online behavioural advertising|guardian membership
glenngreenwald	2013-06-27T11:03:00		fisa		british|deep dive|guardian
glenngreenwald	2013-06-26T16:21:00			nixon	
glenngreenwald	2013-06-25T16:05:00		guardian|nixon|numerous nsa		
glenngreenwald	2013-06-22T07:18:00		nsa|american internet		osama|nixon|world war i.|russians|chinese
glenngreenwald	2013-06-20T18:59:00		fisa|states|prism		
glenngreenwald	2013-06-18T19:36:00		new fisa|guardian		non-americans
glenngreenwald	2013-06-14T15:17:00		obama-loyal	nixon|internet	
glenngreenwald	2013-06-14T14:00:00			guardian us|europeans|snowden-enabled|patriot act|east german stasi|prism|german	flash
glenngreenwald	2013-06-11T09:00:00				arab|fisa amendments act
glenngreenwald	2013-06-09T00:00:00			swiss|flash|chinese	guardian us
glenngreenwald	2013-06-06T00:00:00			fisa amendments act|verizon	section|guardian
glenngreenwald	2013-06-07T15:06:00				iranian|flash|stuxnet|chinese|cispa
glenngreenwald	2013-06-07T08:04:00				nixon
glenngreenwald	2011-07-23T13:00:00				guardian membership|european economic area|english|facebook|data protection act|online behavioural advertising|guardian
glenngreenwald	2013-06-05T00:00:00			washington-based|guardian	
glenngreenwald	2013-06-04T08:18:00		guardian		
glenngreenwald	2013-06-02T11:05:00			boston marathon|anti-american	latin american|terrorists
glenngreenwald	2013-05-30T08:57:00		bush-era		change|constitution
glenngreenwald	2013-05-29T11:10:00				guardian
glenngreenwald	2013-05-27T11:05:00			perpetual war	
glenngreenwald	2013-05-25T09:32:00		islamic terror|arab	muslim	english|guardian|salafism|israeli|anti-american|british|grand civilization war|mideast|anti-muslim|terrorists|tsarnaevs|terrorist|islamist
glenngreenwald	2013-05-23T09:03:00				muslim american|boston marathon|reagan|bangledeshi|german|british muslim|guardian|dirty wars|british|world war ii|central american|muslim
glenngreenwald	2013-05-21T10:04:00		qatari|palestinian|neo-nazi|jewish|war|anti-jewish|zionist|observer|anti-american	nakba day|' haavara|hungarian zionists|nazis|zionists|german|british|semites|western|jews	libyan
glenngreenwald	2013-05-20T08:16:00				fox news
glenngreenwald	2013-05-17T07:54:00		medicare|islamist|anti-american|english|nobel peace prize		reagan|cold war
glenngreenwald	2013-05-15T10:45:00				new yorker|beltway|fisa amendments act|press|american muslim
glenngreenwald	2013-05-14T10:21:00			grand jury|department	guardian|al-qaida|pulitzer prize|associated press ' records|attorney general|american muslim
glenngreenwald	2013-05-11T09:25:00		real time		
glenngreenwald	2013-05-09T14:01:00		real time		young turks|israeli|palestinian|palestinians
glenngreenwald	2013-05-07T11:27:00		anti-american|constitution|editor		war powers act
glenngreenwald	2013-05-06T11:56:00		israeli|kenyan|syrian-canadian		israelis|british
glenngreenwald	2013-05-04T08:22:00		total information awareness|blackberries|boston marathon|saudi		
glenngreenwald	2013-05-01T08:51:00		yemenis	guantanamo|al-majala	yemeni|al-qaida|anti-american
glenngreenwald	2013-04-29T14:43:00				mirandized|throughout american|anti-british|british
glenngreenwald	2013-04-27T10:36:00		grand marshals|sf gay pride parade|correspondents ' dinner		san francisco pride|gay pride parade|malaki
glenngreenwald	2013-04-24T11:27:00		iranians|tsarnaevs|anti-american|muslim	christians|palestinians|soon-to-be-released|boston marathon|american-yemeni|christian|islam|israeli|yemenis|yemeni|dirty wars	
glenngreenwald	2013-04-22T11:07:00			israeli|boston marathon	christian|atlanta olympic|tsarnaev
glenngreenwald	2013-04-20T09:24:00		democratic-led|once tsarnaev	boston marathon|terrorists	terrorism
glenngreenwald	2013-04-18T09:23:00		libyan|upholding our constitution|british|iranians	saudi|breaking news|american-jewish|iranian	
americablog	2005-01-01T00:00:00				democratic senators
americablog	2005-03-01T00:00:00				internet
americablog	2005-05-01T00:00:00				gop|schiavo|hill
americablog	2005-05-01T00:00:00				british
americablog	2005-06-01T00:00:00				coin-gate|grand jury
americablog	2005-07-01T00:00:00				muslim
americablog	2005-07-01T00:00:00				quaker|british
americablog	2005-08-01T00:00:00				iranians
americablog	2005-08-01T00:00:00				christians
americablog	2005-09-01T00:00:00				superdome
americablog	2005-09-01T00:00:00			gulf	
americablog	2005-10-01T00:00:00				miller
americablog	2006-01-01T00:00:00				windows
americablog	2006-04-01T00:00:00		domenech		
americablog	2006-05-01T00:00:00			world war ii	
americablog	2006-06-01T00:00:00		dems		american-led
americablog	2006-06-01T00:00:00		internet|english	aids	
americablog	2006-07-01T00:00:00		independence day|belgian|coulter		
americablog	2006-07-01T00:00:00				english
americablog	2006-08-01T00:00:00			jews|second world war|jewish	
americablog	2006-09-01T00:00:00				marine
americablog	2006-09-01T00:00:00				commission report
americablog	2006-09-01T00:00:00			islamic	
americablog	2006-09-01T00:00:00				dispatch
americablog	2006-09-01T00:00:00				islamic
americablog	2006-10-01T00:00:00			members	
americablog	2006-10-01T00:00:00				pakistani
americablog	2007-01-01T00:00:00		shiite		
americablog	2007-02-01T00:00:00			iraqis	
americablog	2007-02-01T00:00:00		americablog		xml-feed
americablog	2007-02-01T00:00:00				anti-bush
americablog	2007-03-01T00:00:00		gop		
americablog	2007-04-01T00:00:00				iranians|british
americablog	2007-04-01T00:00:00		press �۝|u.s. attorneys		
americablog	2007-05-01T00:00:00			mission accomplished|mission accomplished �۝	
americablog	2007-06-01T00:00:00				lieberman
americablog	2007-06-01T00:00:00			holsinger	
americablog	2007-06-01T00:00:00				anti-rudy|catholics
americablog	2007-07-01T00:00:00			israeli	dems
americablog	2007-07-01T00:00:00		press �۝|repubs		
americablog	2007-07-01T00:00:00			muslim	���
americablog	2007-08-01T00:00:00				african-american|african-americans
americablog	2007-08-01T00:00:00		sunni		us-led
americablog	2007-08-01T00:00:00			iraqis|afghan|pakistani|qaeda	
americablog	2007-08-01T00:00:00			christian|catholics|roman catholicism	roman catholic|catholic league|catholic
americablog	2007-08-01T00:00:00				dailykos|muslim-americans|yearlykos
americablog	2007-09-01T00:00:00			yazidi	
americablog	2007-09-01T00:00:00				eastern
americablog	2007-09-01T00:00:00				christian action league|hill
americablog	2007-09-01T00:00:00			victorians	victorian
americablog	2007-09-01T00:00:00				marine corps marathon
americablog	2007-10-01T00:00:00				iraqis|blackwater �۪s|blackwater rent-a-cops
americablog	2007-10-01T00:00:00		christian|christians		
americablog	2007-11-01T00:00:00		europeans|emirati	middle eastern|french	
americablog	2007-12-01T00:00:00			british	
americablog	2007-12-01T00:00:00			victorian	british
americablog	2008-01-01T00:00:00				eastasia
americablog	2008-01-01T00:00:00				new year
americablog	2008-01-01T00:00:00				jews|catholics
americablog	2008-01-01T00:00:00				joe
americablog	2008-02-01T00:00:00				super tuesday
americablog	2008-02-01T00:00:00		nazi|nazis|politico		new america
americablog	2008-03-01T00:00:00				anti-catholic|nexis
americablog	2008-04-01T00:00:00				anti-american|british|australian|iraqis
americablog	2008-05-01T00:00:00				dem|christians
americablog	2008-05-01T00:00:00				swift boat
americablog	2008-06-01T00:00:00				clintons
americablog	2008-06-01T00:00:00				anti-hillary
americablog	2008-06-01T00:00:00				russert|press
americablog	2008-07-01T00:00:00			u.s. constitution	
americablog	2008-08-01T00:00:00			european	
americablog	2008-08-01T00:00:00		sushi		
americablog	2008-08-01T00:00:00				internet
americablog	2008-09-01T00:00:00		french		
americablog	2008-09-01T00:00:00		house gop		
americablog	2008-10-01T00:00:00				wasilla
americablog	2008-10-01T00:00:00		wasilla		
americablog	2008-10-01T00:00:00		muslim		
americablog	2008-11-01T00:00:00		arab		
americablog	2008-12-01T00:00:00				milk
americablog	2008-12-01T00:00:00		pro-obama		
americablog	2008-12-01T00:00:00				ponzi
americablog	2009-01-01T00:00:00			pre-ronald reagan	
americablog	2009-01-01T00:00:00		afghan		
americablog	2009-02-01T00:00:00			italian|italians|chinese	
americablog	2009-02-01T00:00:00		hill	no �۪	
americablog	2009-02-01T00:00:00				british|german|french|european
americablog	2009-03-01T00:00:00			repubs	ap|islamic|islam
americablog	2009-03-01T00:00:00				south african|mandela
americablog	2009-05-01T00:00:00		miss c	miss	miss california
americablog	2009-06-01T00:00:00		romans	french|german	japanese
americablog	2009-07-01T00:00:00		academy award-winning		serbian|czech|brentwood|brando
americablog	2009-07-01T00:00:00				argentinian|state
americablog	2009-08-01T00:00:00		bubble		ha�۪agudah|israeli
americablog	2009-08-01T00:00:00		u.s. navy		
americablog	2009-08-01T00:00:00				trinity|catholics|american political science review
americablog	2009-11-01T00:00:00		nixon		
americablog	2009-12-01T00:00:00		afghan		soviet|pakistani|afghans|pakistanis|iraqis
americablog	2010-01-01T00:00:00			tasmanian	
americablog	2010-01-01T00:00:00				christ
americablog	2010-02-01T00:00:00			hill	
americablog	2010-04-01T00:00:00				japanese
americablog	2010-04-01T00:00:00				islamic
americablog	2010-04-01T00:00:00		phelps		
americablog	2010-05-01T00:00:00			romanian	dutch
americablog	2010-05-01T00:00:00				common purpose|national defense authorization
americablog	2010-05-01T00:00:00				huffington post
americablog	2010-06-01T00:00:00				british|anti-american|un-american
americablog	2010-06-01T00:00:00		chinese		
americablog	2010-06-01T00:00:00			operation iraqi freedom	
americablog	2010-07-01T00:00:00		catholic|irish|d��il	bishops	
americablog	2010-07-01T00:00:00			israeli	
americablog	2010-07-01T00:00:00			u.s. constitution	
americablog	2010-07-01T00:00:00			defense	petey
americablog	2010-08-01T00:00:00			japanese	
americablog	2010-09-01T00:00:00		north korean		embed
americablog	2010-09-01T00:00:00				teabagger
americablog	2010-10-01T00:00:00				dems
americablog	2010-11-01T00:00:00		roosevelt		
americablog	2010-12-01T00:00:00		world aids|world aids day		
americablog	2010-12-01T00:00:00		afghans		government
americablog	2011-01-01T00:00:00				native american|u.s. constitution
americablog	2011-02-01T00:00:00		ugandan		family
americablog	2011-02-01T00:00:00				egyptians
americablog	2011-02-01T00:00:00			south	african americans
americablog	2011-03-01T00:00:00		bible	nyt|english	american life|new yorker
americablog	2011-03-01T00:00:00				kenyan
americablog	2011-03-01T00:00:00		birther|brits	kenyan|british	
americablog	2011-03-01T00:00:00				stars
americablog	2011-03-01T00:00:00			british|brits|kenyan|clintons	birther
americablog	2011-04-01T00:00:00			auschwitz|bush-era	
americablog	2011-04-01T00:00:00				galtian
americablog	2011-05-01T00:00:00			pakistani|flight 93	qaeda|afghan
americablog	2011-05-01T00:00:00				midas
americablog	2011-05-01T00:00:00			world	world �۪s|britons
americablog	2011-05-01T00:00:00			libyan	
americablog	2011-06-01T00:00:00			troll	
americablog	2011-06-01T00:00:00			model-t|honeymooners	post-war|american dream
americablog	2011-06-01T00:00:00			german	gp|greek|bundesbank|european|update|new drachmas|irish
americablog	2011-07-01T00:00:00				libyan
americablog	2011-07-01T00:00:00				sharron angle-richard ziser
americablog	2011-08-01T00:00:00				advocate
americablog	2011-09-01T00:00:00				australian
americablog	2011-10-01T00:00:00				world war ii|truman-created
americablog	2011-11-01T00:00:00		italian		
americablog	2011-12-01T00:00:00		british		
americablog	2011-12-01T00:00:00		british		californian
americablog	2012-01-01T00:00:00				��� yes
americablog	2012-01-01T00:00:00				latino
americablog	2012-01-01T00:00:00		mork		
americablog	2012-02-01T00:00:00		general social survey		
americablog	2012-03-01T00:00:00			ballot|amendment one	
americablog	2012-04-01T00:00:00				japanese
americablog	2012-04-01T00:00:00			super pacs	
americablog	2012-05-01T00:00:00			future	
americablog	2012-06-01T00:00:00			gmt	
americablog	2012-06-01T00:00:00				war
americablog	2012-07-01T00:00:00		swiss|muslim		
americablog	2012-07-01T00:00:00				english
americablog	2012-08-01T00:00:00		polish		english
americablog	2012-08-01T00:00:00		post-reagan	sag harbor	
americablog	2012-10-01T00:00:00		ravens|greek		
americablog	2012-10-01T00:00:00			lord	
americablog	2012-10-01T00:00:00				british
americablog	2012-10-01T00:00:00				republican national convention
americablog	2012-11-01T00:00:00			dem|rubinesque|krugman|grand bargain	
americablog	2012-11-01T00:00:00				catholic|african american
americablog	2012-12-01T00:00:00				british|midwest
americablog	2013-02-01T00:00:00				democratic senator
americablog	2013-02-01T00:00:00		captain kangaroo		
americablog	2013-02-01T00:00:00				libar-rigging|british|libor-rigging
americablog	2013-03-01T00:00:00		un-german|nazi german		opera platz|war|holo|jews|jewish|german|holocaust|nazi ger|euro-style
americablog	2013-03-01T00:00:00				medicaid|reagan
americablog	2013-03-01T00:00:00				guatemalan
americablog	2013-03-01T00:00:00				new roommate tags|pope
americablog	2013-04-01T00:00:00				english|rnc|times|catholic
americablog	2013-04-01T00:00:00		neoliberal|health care|fund|medicare	trans-pacific partnership|dems|bigs	post-reagan|dem
americablog	2013-04-01T00:00:00		keytone pipeline	crude monitor web	athabasca
americablog	2013-05-01T00:00:00			internet|boston marathon	
americablog	2013-05-01T00:00:00		latino|catholic	gay-americans	
americablog	2013-05-01T00:00:00		climate series	mesozoic|neogene period|industrial revolution	
americablog	2013-05-01T00:00:00				nra
americablog	2013-06-01T00:00:00		bedouin		
americablog	2013-06-01T00:00:00			pipe-eating	
americablog	2013-06-01T00:00:00				mediterranean
americablog	2013-07-01T00:00:00				european
americablog	2013-07-01T00:00:00			anti-american	russians
americablog	2013-07-01T00:00:00				japanese|western|u.s. constitution|supreme
americablog	2013-07-01T00:00:00				russians|anti-american
americablog	2013-07-01T00:00:00		western	u.s. constitution|supreme|japanese	
americablog	2013-07-01T00:00:00				deadlines
americablog	2013-07-01T00:00:00				russian-speaking|winter olympics|olympic
propublica	2014-10-13T00:00:00			inglewood-based	city
propublica	2014-10-10T00:00:00				buzzfeed
propublica	2014-10-10T00:00:00		african american|weapon used|asian|american community survey		
propublica	2014-10-09T00:00:00				internet-related
propublica	2014-10-08T00:00:00			peggy|medicare	
propublica	2014-10-07T00:00:00				virginia-based
propublica	2014-10-06T00:00:00		medicare		
propublica	2014-10-03T00:00:00			excessive	
propublica	2014-10-03T00:00:00			korean war	american world war ii
propublica	2014-10-02T00:00:00			african americans	
propublica	2014-10-01T00:00:00		healthcare.gov	affordable care act	open payment
propublica	2014-10-01T00:00:00			social security|instagram	please enable cookies|pink pistachio peppercorn
propublica	2014-09-30T00:00:00		new open payments system|januvia	affordable care act	
propublica	2014-09-29T00:00:00				pharmashine
propublica	2014-09-26T00:00:00		spanish|brazilian|ivy league|european	confidential treatment requested|american life	interests section
propublica	2014-09-25T00:00:00		see more|great alone|japanese|washignton post		scientific american|day|olympics
propublica	2014-09-25T00:00:00			labor	
propublica	2014-09-24T00:00:00		american progress|justice-funded		the gun debate
propublica	2014-09-23T00:00:00			do not track|not track|gerald loeb award	dragnet nation
propublica	2014-09-19T00:00:00				civilian ptsd|this american life
propublica	2014-09-18T00:00:00			lord	paz
propublica	2014-09-18T00:00:00			tor|hispanic|english-only	
propublica	2014-09-17T00:00:00				medicare
propublica	2014-09-16T00:00:00				san diego-based|consumer expenditure survey
propublica	2014-09-12T00:00:00		koch		
propublica	2014-09-12T00:00:00		justice-funded		
propublica	2014-09-12T00:00:00		fbi		
propublica	2014-09-09T00:00:00			facebook|justice department-funded|mexican	
propublica	2014-09-08T00:00:00		sixapart|neo-nazi	german|san francisco-based	internet|ip|english
propublica	2014-09-05T00:00:00				african-american
propublica	2014-09-04T00:00:00		chinese		
propublica	2014-09-04T00:00:00			southern|main street|u.s. senate	
propublica	2014-08-29T00:00:00				medicare|fcc|chinese
propublica	2014-08-27T00:00:00				chinese|shanghai-based
propublica	2014-08-25T00:00:00				west
propublica	2014-08-22T00:00:00				guatemalan
propublica	2014-08-22T00:00:00				west florissant
propublica	2014-08-19T00:00:00			program	
propublica	2014-08-18T00:00:00			african american	
propublica	2014-08-18T00:00:00		cab		
propublica	2014-08-15T00:00:00				medicare
propublica	2014-08-14T00:00:00			scandinavian	european|enterobacteriaceae
propublica	2014-08-13T00:00:00				marine division
propublica	2014-08-11T00:00:00		english		
propublica	2014-08-08T00:00:00				latin american
propublica	2014-08-08T00:00:00		german|qatari|malaysian|firefox|bahraini	bosnian|french|hungarian|dutch|tor	
propublica	2014-08-07T00:00:00			north american|state	
propublica	2014-08-05T00:00:00		memorial day	marine division|russo-affiliated|pacs|internet	chinook|defense department-managed|vfw|sacramento-based|marine|swiss|please help !
propublica	2014-08-04T00:00:00				medicare
propublica	2014-08-04T00:00:00				medicaid
propublica	2014-08-04T00:00:00			open payments	
propublica	2014-05-13T00:00:00			south	
propublica	2014-02-28T00:00:00			medicare	
propublica	2014-02-27T00:00:00			medicare	
propublica	2014-02-27T00:00:00			canadian	
propublica	2014-02-27T00:00:00			seattle-based|medicaid|medicare	
propublica	2014-02-25T00:00:00		catholic|edvisors|department		
propublica	2014-02-24T00:00:00		polish|slovenian	european	
propublica	2014-02-18T00:00:00		internship		
propublica	2014-01-27T00:00:00				tor|new yorker
propublica	2013-12-31T00:00:00				ruby
propublica	2013-12-20T00:00:00				internship|internet|tor
propublica	2013-12-18T00:00:00			census 2010 occupation index|american community survey	bls soc|scopes manual|english|north american
propublica	2013-12-16T00:00:00				tor|lcd
propublica	2013-12-09T00:00:00				british
propublica	2013-12-01T00:00:00				hiv-positive
propublica	2013-11-04T00:00:00		costa rican	costa rican census	
propublica	2013-10-24T00:00:00				photo|mozilla festival|knight-mozilla opennews
propublica	2013-09-26T00:00:00				tor
propublica	2013-09-17T00:00:00				pell
propublica	2013-08-06T00:00:00		internet	ip whois|javascript|firefox|tor	
propublica	2013-08-06T00:00:00				knight-mozilla opennews
propublica	2013-07-19T00:00:00				mom
propublica	2013-05-31T00:00:00				northwestern
propublica	2013-05-16T00:00:00			u.s. world	
propublica	2013-04-25T00:00:00				knife
propublica	2013-03-29T00:00:00				internet
propublica	2013-03-05T00:00:00				african americans
propublica	2013-02-27T00:00:00		pythonic|windows		microsoft-provided|nicar-l
propublica	2013-02-27T00:00:00				varnish
propublica	2013-01-24T00:00:00		german|foursquare|english|spanish		french
propublica	2012-12-19T00:00:00		peepcode|sublime		
propublica	2012-12-13T00:00:00				trentonian
propublica	2012-12-10T00:00:00			olympic	african americans|eye|fair housing act|source
propublica	2012-12-03T00:00:00				argentine
propublica	2012-11-15T00:00:00			petraeus|va	oregonian|civil war|sherlock holmes
propublica	2012-11-14T00:00:00		p5		
propublica	2012-11-14T00:00:00				german
propublica	2012-10-18T00:00:00		adjusted gross income|billion		score
propublica	2012-12-12T00:00:00				facebook
propublica	2012-08-24T00:00:00		new yorker|secure america	fair	watergate
propublica	2012-12-12T00:00:00				files
propublica	2012-12-12T00:00:00		media	cw	soviet-style|medill|pacs
propublica	2012-02-13T00:00:00		mapnik		
propublica	2012-01-19T00:00:00		greek		canadian
propublica	2012-01-12T00:00:00			middle eastern	israeli|cosmic|english|internet|eff|chinese|open source|tor
propublica	2012-01-09T00:00:00		urls		fellow
propublica	2011-12-05T00:00:00		windows|javascript	responsive web design	windows phone
propublica	2011-10-04T00:00:00				facebook
propublica	2010-12-30T00:00:00		windows	pdfs|flash	
propublica	2010-12-30T00:00:00				flash-based|firebug net
propublica	2010-12-30T00:00:00				common_name
propublica	2010-12-30T00:00:00		pdfs|mechanical turk	flashpaper	
propublica	2010-11-02T00:00:00				github|varnish
propublica	2010-10-18T00:00:00		wordpress		medicare
propublica	2010-10-08T00:00:00		gitmo|pakistani		guantanamo|documentcloud
propublica	2010-09-23T00:00:00		export filtered rows > templating	row template	javascript
propublica	2010-03-31T00:00:00				super bowl blitz
